Не определен знак зодиака;По восточному календарю знак зодиака не определен;
Не определен знак зодиака;Змея;
Ваш знак зодиака - Дева;Кролик;
Не определен знак зодиака;По восточному календарю знак зодиака не определен;
Не определен знак зодиака;По восточному календарю знак зодиака не определен;
Не определен знак зодиака;Кабан;
Не определен знак зодиака;По восточному календарю знак зодиака не определен;
Не определен знак зодиака;Лошадь;
Не определен знак зодиака;По восточному календарю знак зодиака не определен;
Не определен знак зодиака;По восточному календарю знак зодиака не определен;
